<?xml version='1.0'?>
<replacements xml:space='preserve' incomplete_format='false'>
</replacements>
<?xml version='1.0'?>
<replacements xml:space='preserve' incomplete_format='false'>
</replacements>
<?xml version='1.0'?>
<replacements xml:space='preserve' incomplete_format='false'>
</replacements>
<?xml version='1.0'?>
<replacements xml:space='preserve' incomplete_format='false'>
</replacements>
<?xml version='1.0'?>
<replacements xml:space='preserve' incomplete_format='false'>
</replacements>
<?xml version='1.0'?>
<replacements xml:space='preserve' incomplete_format='false'>
<replacement offset='185' length='2'>&#10;</replacement>
<replacement offset='335' length='0'> </replacement>
<replacement offset='336' length='1'></replacement>
<replacement offset='389' length='0'> </replacement>
<replacement offset='390' length='1'></replacement>
<replacement offset='408' length='3'>&#10;&#10;</replacement>
<replacement offset='501' length='2'>&#10;</replacement>
<replacement offset='623' length='0'> </replacement>
<replacement offset='624' length='1'></replacement>
<replacement offset='677' length='0'> </replacement>
<replacement offset='678' length='1'></replacement>
<replacement offset='698' length='3'>&#10;&#10;</replacement>
</replacements>
<?xml version='1.0'?>
<replacements xml:space='preserve' incomplete_format='false'>
<replacement offset='187' length='2'>&#10;</replacement>
<replacement offset='343' length='0'> </replacement>
<replacement offset='344' length='1'></replacement>
<replacement offset='397' length='0'> </replacement>
<replacement offset='398' length='1'></replacement>
<replacement offset='416' length='3'>&#10;&#10;</replacement>
<replacement offset='515' length='2'>&#10;</replacement>
<replacement offset='643' length='0'> </replacement>
<replacement offset='644' length='1'></replacement>
<replacement offset='697' length='0'> </replacement>
<replacement offset='698' length='1'></replacement>
<replacement offset='781' length='3'>&#10;&#10;</replacement>
</replacements>
<?xml version='1.0'?>
<replacements xml:space='preserve' incomplete_format='false'>
<replacement offset='104' length='2'>&#10;</replacement>
<replacement offset='267' length='3'>&#10;&#10;</replacement>
<replacement offset='644' length='0'> </replacement>
<replacement offset='645' length='1'></replacement>
<replacement offset='697' length='0'> </replacement>
<replacement offset='698' length='1'></replacement>
<replacement offset='744' length='0'> </replacement>
<replacement offset='745' length='1'></replacement>
<replacement offset='805' length='0'> </replacement>
<replacement offset='806' length='1'></replacement>
<replacement offset='824' length='3'>&#10;&#10;</replacement>
<replacement offset='871' length='0'> </replacement>
<replacement offset='872' length='1'></replacement>
<replacement offset='903' length='3'>&#10;&#10;</replacement>
</replacements>
<?xml version='1.0'?>
<replacements xml:space='preserve' incomplete_format='false'>
<replacement offset='239' length='2'>&#10;</replacement>
<replacement offset='359' length='0'> </replacement>
<replacement offset='360' length='1'></replacement>
<replacement offset='442' length='0'> </replacement>
<replacement offset='443' length='1'></replacement>
<replacement offset='532' length='0'> </replacement>
<replacement offset='533' length='1'></replacement>
<replacement offset='647' length='0'> </replacement>
<replacement offset='648' length='1'></replacement>
<replacement offset='719' length='0'> </replacement>
<replacement offset='720' length='1'></replacement>
<replacement offset='946' length='0'> </replacement>
<replacement offset='947' length='1'></replacement>
<replacement offset='1128' length='3'>&#10;&#10;</replacement>
</replacements>
